order_id,order_date,shipping_mode,order_region,days_for_shipping_real,days_for_shipment_scheduled,order_item_quantity,sales,order_item_discount_rate,delivery_status,late_delivery_risk
10001,2025-01-01,Second Class,South Asia,1,1,4.0,1142.67,0.08,Shipping on time,0
10002,2025-01-02,First Class,Western Europe,4,4,5.0,1454.51,0.09,Shipping on time,0
10003,2025-01-03,Same Day,South Asia,2,3,5.0,556.16,0.2,Advance shipping,0
10004,2025-01-04,Second Class,US Center,2,2,4.0,,0.17,Shipping on time,0
10005,2025-01-05,First Class,US Center,4,2,6.0,757.38,0.24,Late delivery,1
10006,2025-01-06,Second Class,South Asia,3,4,4.0,365.26,0.2,Advance shipping,0
10007,2025-01-07,Standard Class,US Center,3,1,1.0,281.89,0.12,Late delivery,1
10008,2025-01-08,Standard Class,Western Europe,4,3,6.0,765.99,0.24,Late delivery,1
10009,2025-01-09,Second Class,US Center,1,1,5.0,417.67,0.05,Shipping on time,0
10010,2025-01-10,Same Day,South Asia,1,1,5.0,1037.74,0.01,Shipping on time,0
10011,2025-01-11,Standard Class,South Asia,2,3,4.0,712.01,0.03,Advance shipping,0
10012,2025-01-12,Second Class,Western Europe,5,4,,1265.75,0.22,Late delivery,1
10013,2025-01-13,First Class,South Asia,4,3,1.0,1080.37,0.14,Late delivery,1
10014,2025-01-14,Standard Class,Southeast Asia,4,4,4.0,537.31,0.05,Shipping on time,0
10015,2025-01-15,First Class,US Center,2,3,6.0,1265.16,0.15,Advance shipping,0
10016,2025-01-16,Second Class,South Asia,6,4,3.0,1226.67,0.05,Late delivery,1
10017,2025-01-17,Same Day,US Center,3,3,5.0,642.47,0.21,Shipping on time,0
10018,2025-01-18,First Class,South Asia,3,1,1.0,503.66,0.13,Late delivery,1
10019,2025-01-19,First Class,South Asia,5,4,3.0,1055.49,0.11,Late delivery,1
10020,2025-01-20,Standard Class,Western Europe,3,2,4.0,99999.0,0.09,Late delivery,1
10021,2025-01-21,Second Class,US Center,4,3,7.0,379.87,0.19,Late delivery,1
10022,2025-01-22,Same Day,South Asia,2,2,2.0,110.31,0.11,Shipping on time,0
10023,2025-01-23,Standard Class,Southeast Asia,1,1,2.0,1201.69,0.03,Shipping on time,0
10024,2025-01-24,Same Day,Oceania,4,4,3.0,1030.79,0.04,Shipping on time,0
10025,2025-01-25,Second Class,Oceania,4,4,7.0,1087.23,0.29,Shipping on time,0
10026,2025-01-26,,Western Europe,2,3,6.0,1193.02,0.27,Advance shipping,0
10027,2025-01-27,First Class,Western Europe,2,2,1.0,742.48,0.21,Shipping on time,0
10028,2025-01-28,Second Class,Southeast Asia,3,4,2.0,896.24,0.08,Advance shipping,0
10029,2025-01-29,Second Class,US Center,4,3,6.0,295.72,0.29,Late delivery,1
10030,2025-01-30,First Class,Western Europe,3,2,1.0,260.34,0.23,Late delivery,1
