order_id,carrier,route_region,distance_km,shipment_volume_kg,warehouse_delay_days,fuel_price_index,delivery_time_days,transport_cost_inr,delivery_status
ORD1001,Carrier C,East,565.0,68.3,0.45,95.9,4.22,4673.0,On Time
ORD1002,Carrier B,West,541.9,16.8,0.67,110.2,4.87,4997.0,On Time
ORD1003,Carrier D,East,248.1,37.3,0.59,104.3,1.61,3708.0,On Time
ORD1004,Carrier C,North,595.3,27.9,0.39,96.9,3.6,3131.0,On Time
ORD1005,Carrier A,West,545.7,66.7,0.01,98.1,3.92,6349.0,On Time
ORD1006,Carrier D,East,438.3,63.3,2.43,87.5,4.38,3288.0,On Time
ORD1007,Carrier C,South,282.8,103.2,0.1,103.1,3.64,4671.0,On Time
ORD1008,Carrier C,East,265.3,21.4,0.88,85.9,2.26,2566.0,On Time
ORD1009,Carrier A,West,323.2,43.9,0.33,106.0,2.84,4747.0,On Time
ORD1010,Carrier B,West,517.7,65.2,2.79,101.0,5.43,5820.0,On Time
ORD1011,Carrier B,West,248.0,64.0,0.15,119.1,2.84,2058.0,On Time
ORD1012,Carrier D,South,498.8,116.82500000000002,2.44,91.2,5.22,5464.0,On Time
ORD1013,Carrier C,West,196.5,57.9,2.79,99.2,4.97,3041.0,On Time
ORD1014,Carrier D,South,383.3,32.2,0.28,114.4,3.03,4187.0,On Time
ORD1015,Carrier B,East,439.7,52.2,0.1,109.5,2.82,5302.0,On Time
ORD1016,Carrier A,East,860.1,32.4,0.96,94.4,5.92,7664.0,Late
ORD1017,Carrier C,North,172.1,14.2,0.28,101.8,2.51,2662.0,On Time
ORD1018,Carrier A,South,685.0,40.7,0.35,100.0,4.39,5914.0,On Time
ORD1019,Carrier D,North,447.0,116.82500000000002,1.22,102.3,4.23,4457.0,On Time
ORD1020,Carrier C,North,494.0,29.9,1.91,94.4,5.44,4003.0,On Time
ORD1021,Carrier C,South,441.3,42.0,0.84,99.3,3.71,4741.0,On Time
ORD1022,Carrier B,South,500.1,58.7,1.48,87.2,4.43,3715.0,On Time
ORD1023,Carrier D,North,392.3,43.7,0.11,101.1,3.24,4670.0,On Time
ORD1024,Carrier D,South,681.7,26.7,2.25,103.6,6.885,6747.0,Late
ORD1025,Carrier C,East,337.8,116.82500000000002,0.12,98.2,2.46,5891.0,On Time
ORD1026,Carrier A,North,623.8,108.7,0.11,87.1,4.88,3700.0,On Time
ORD1027,Carrier B,South,304.0,72.2,0.27,107.9,1.63,3123.0,On Time
ORD1028,Carrier A,South,409.2,48.2,0.67,102.9,3.82,5990.0,On Time
ORD1029,Carrier A,East,227.0,66.8,0.16,94.2,3.83,2640.0,On Time
ORD1030,Carrier C,South,501.9,75.3,2.32,97.8,5.73,3605.0,Late
ORD1031,Carrier C,East,680.1,64.6,0.23,88.0,4.56,7074.0,On Time
ORD1032,Carrier D,South,406.1,67.6,1.93,91.8,4.25,4299.0,On Time
ORD1033,Carrier B,South,384.6,86.1,2.25,95.7,4.92,5508.0,On Time
ORD1034,Carrier B,South,219.4,43.8,0.51,109.8,2.61,3465.0,On Time
ORD1035,Carrier B,North,378.7,21.1,2.02,94.9,3.86,3850.0,On Time
ORD1036,Carrier A,East,133.3,84.4,1.5,105.1,3.14,3421.0,On Time
ORD1037,Carrier A,North,255.7,21.0,0.47,95.7,2.97,3218.0,On Time
ORD1038,Carrier B,South,460.8,38.7,1.51,102.0,3.88,6501.0,On Time
ORD1039,Carrier A,West,657.4,67.0,1.04,98.9,4.36,7111.0,On Time
ORD1040,Carrier C,West,912.0625,68.0,0.67,107.0,4.43,7120.0,On Time
ORD1041,Carrier B,East,314.4,44.8,2.79,95.7,5.59,3797.0,Late
ORD1042,Carrier D,West,678.4,50.5,0.87,87.4,5.26,6736.0,On Time
ORD1043,Carrier C,West,463.9,63.9,1.68,88.9,4.86,5553.0,On Time
ORD1044,Carrier B,South,392.8,35.5,0.51,95.7,4.15,3454.0,On Time
ORD1045,Carrier D,West,497.9,116.82500000000002,0.96,90.0,4.56,6673.0,On Time
ORD1046,Carrier D,South,431.1,31.3,0.26,103.3,3.67,5073.0,On Time
ORD1047,Carrier B,South,439.9,47.6,0.33,96.3,3.75,6548.0,On Time
ORD1048,Carrier B,East,346.5,41.1,1.29,119.0,3.79,3761.0,On Time
ORD1049,Carrier C,West,168.3,57.0,1.83,86.1,3.24,1822.0,On Time
ORD1050,Carrier A,West,142.1,115.2,2.79,101.6,6.82,3284.0,Late
ORD1051,Carrier A,South,537.6,30.3,0.63,91.0,3.72,4166.0,On Time
ORD1052,Carrier A,East,370.2,67.6,0.03,96.1,2.61,3430.0,On Time
ORD1053,Carrier C,North,312.7,74.3,0.17,101.1,3.34,1718.0,On Time
ORD1054,Carrier C,West,421.5,95.3,0.17,81.4,3.7,4105.0,On Time
ORD1055,Carrier C,East,563.1,33.4,2.79,101.9,4.89,5507.0,On Time
ORD1056,Carrier C,East,452.5,32.6,0.34,115.2,4.36,4452.0,On Time
ORD1057,Carrier B,West,301.9,47.9,0.35,96.4,2.94,5049.0,On Time
ORD1058,Carrier C,East,640.7,48.5,2.44,102.1,5.05,5996.0,On Time
ORD1059,Carrier A,North,704.3,29.0,0.71,108.2,5.64,7428.0,Late
ORD1060,Carrier A,South,509.0,75.2,0.39,98.7,4.41,5593.0,On Time
ORD1061,Carrier C,North,595.3,71.3,0.03,95.4,3.04,6499.0,On Time
ORD1062,Carrier B,East,643.6,116.82500000000002,0.09,81.8,5.82,7013.0,Late
ORD1063,Carrier C,North,623.4,44.5,0.22,105.1,4.63,7068.0,On Time
ORD1064,Carrier C,North,530.5,28.6,0.24,99.1,3.72,4837.0,On Time
ORD1065,Carrier C,East,527.7,31.3,0.55,91.9,5.16,4983.0,On Time
ORD1066,Carrier C,East,513.5,63.5,0.82,101.0,4.35,5607.0,On Time
ORD1067,Carrier C,East,222.5,33.8,0.25,95.3,2.55,2339.0,On Time
ORD1068,Carrier B,West,546.1,78.2,0.78,95.8,3.89,5921.0,On Time
ORD1069,Carrier A,West,176.0,36.3,0.5,104.9,3.03,4534.0,On Time
ORD1070,Carrier B,North,277.0,58.7,1.6,89.3,4.25,2924.0,On Time
ORD1071,Carrier A,West,654.6,51.0,0.69,108.4,4.64,6699.0,On Time
ORD1072,Carrier B,East,571.2,31.1,0.63,88.8,3.6,5823.0,On Time
ORD1073,Carrier D,East,687.7,21.7,0.43,94.7,4.55,6595.0,On Time
ORD1074,Carrier A,North,371.1,99.8,0.6,115.4,3.61,5393.0,On Time
ORD1075,Carrier A,East,212.6,64.5,0.33,109.0,1.71,1459.0,On Time
ORD1076,Carrier B,East,376.7,26.4,0.26,100.8,2.04,4580.0,On Time
ORD1077,Carrier B,East,438.4,27.9,0.78,92.5,4.2,2016.0,On Time
ORD1078,Carrier C,North,434.2,116.82500000000002,0.37,95.8,1.93,7014.0,On Time
ORD1079,Carrier C,East,624.1,32.4,0.35,100.6,4.34,5702.0,On Time
ORD1080,Carrier C,West,355.0,60.7,2.79,100.3,4.79,4966.0,On Time
ORD1081,Carrier C,East,483.4,19.0,1.04,99.3,5.09,3547.0,On Time
ORD1082,Carrier B,North,242.0,41.6,0.46,99.8,2.47,1683.0,On Time
ORD1083,Carrier D,West,501.1,81.1,1.0,98.3,4.88,4580.0,On Time
ORD1084,Carrier A,West,420.6,17.4,1.62,88.5,4.0,3442.0,On Time
ORD1085,Carrier A,North,285.0,37.9,2.79,95.9,5.4,2690.0,On Time
ORD1086,Carrier A,West,377.6,36.8,0.75,107.3,4.11,4209.0,On Time
ORD1087,Carrier C,South,386.8,70.7,0.05,89.1,2.85,6460.0,On Time
ORD1088,Carrier B,East,371.4,67.4,0.64,98.5,4.32,4985.0,On Time
ORD1089,Carrier A,South,738.8,70.6,0.08,93.4,3.83,7612.0,On Time
ORD1090,Carrier B,West,402.3,60.3,2.79,100.9,5.71,5180.0,Late
ORD1091,Carrier A,West,376.1,67.4,0.14,96.9,3.9,5510.0,On Time
ORD1092,Carrier C,West,50.0,24.3,0.06,111.8,2.23,1640.0,On Time
ORD1093,Carrier B,West,259.0,60.5,2.08,104.1,5.63,1828.0,Late
ORD1094,Carrier B,West,372.6,109.5,0.52,89.5,3.07,4482.0,On Time
ORD1095,Carrier B,North,296.5,53.9,0.65,105.4,2.2,4467.0,On Time
ORD1096,Carrier C,South,668.7,37.0,0.53,93.8,3.77,4882.0,On Time
ORD1097,Carrier B,East,390.3,39.0,2.39,95.4,5.34,3695.0,On Time
ORD1098,Carrier A,East,651.9,105.2,0.79,102.5,5.28,6396.0,On Time
ORD1099,Carrier A,North,431.1,11.3,0.58,96.1,3.61,4989.0,On Time
ORD1100,Carrier D,North,426.7,116.82500000000002,0.1,107.1,2.94,7302.0,On Time
ORD1101,Carrier D,East,404.0,15.6,2.64,93.8,5.57,4580.0,Late
ORD1102,Carrier C,East,420.7,45.1,0.24,95.0,2.45,4670.0,On Time
ORD1103,Carrier A,North,729.4,27.1,2.49,94.7,6.885,5972.0,Late
ORD1104,Carrier D,North,50.0,70.1,0.04,95.5,4.04,2132.0,On Time
ORD1105,Carrier C,North,59.7,76.6,1.84,108.8,3.58,1594.0,On Time
ORD1106,Carrier C,East,322.2,58.2,0.51,105.0,3.68,2153.0,On Time
ORD1107,Carrier B,North,422.6,48.9,2.79,113.7,5.77,4998.0,Late
ORD1108,Carrier A,East,544.2,18.0,1.6,118.1,3.4,5656.0,On Time
ORD1109,Carrier A,South,505.2,42.4,0.12,91.8,3.14,5606.0,On Time
ORD1110,Carrier D,South,350.8,48.1,0.12,100.6,2.2,5232.0,On Time
ORD1111,Carrier B,East,603.4,27.3,0.35,90.6,3.0,6316.0,On Time
ORD1112,Carrier A,East,605.4,63.0,2.79,93.8,6.885,4830.0,Late
ORD1113,Carrier B,East,453.1,58.4,0.81,95.0,4.18,4282.0,On Time
ORD1114,Carrier C,West,593.3,44.1,0.8,91.5,4.74,5619.0,On Time
ORD1115,Carrier A,West,469.1,52.5,1.6,91.6,4.37,6632.0,On Time
ORD1116,Carrier D,West,318.9,43.6,1.11,98.8,3.5,4796.0,On Time
ORD1117,Carrier C,East,545.6,18.3,1.07,90.3,5.09,5374.0,On Time
ORD1118,Carrier C,South,439.9,68.6,1.73,106.7,4.63,4732.0,On Time
ORD1119,Carrier B,North,420.2,10.2,0.76,92.7,4.02,2748.0,On Time
ORD1120,Carrier C,East,685.1,61.5,1.19,121.3125,5.02,7888.0,On Time
ORD1121,Carrier C,North,50.0,23.8,0.45,96.4,1.76,900.0,On Time
ORD1122,Carrier C,West,164.8,64.0,0.68,100.6,1.73,2646.0,On Time
ORD1123,Carrier A,West,206.3,65.2,0.87,89.6,1.61,2676.0,On Time
ORD1124,Carrier B,North,354.6,65.3,0.45,113.6,3.16,6007.0,On Time
ORD1125,Carrier A,West,374.2,81.2,1.55,109.0,4.36,4582.0,On Time
ORD1126,Carrier B,North,148.7,100.0,2.14,102.4,3.0,1302.0,On Time
ORD1127,Carrier B,East,242.7,41.3,0.17,89.2,2.59,3060.0,On Time
ORD1128,Carrier A,North,265.0,80.2,1.66,101.7,4.01,3254.0,On Time
ORD1129,Carrier A,South,862.3,40.7,0.06,91.0,3.3,7059.0,On Time
ORD1130,Carrier C,East,744.3,62.8,0.21,111.7,3.98,7201.0,On Time
ORD1131,Carrier A,East,345.9,86.8,0.76,106.5,3.94,4455.0,On Time
ORD1132,Carrier D,South,354.6,32.6,1.74,100.8,4.48,4354.0,On Time
ORD1133,Carrier C,West,213.1,12.0,2.79,80.5,3.87,900.0,On Time
ORD1134,Carrier B,West,76.5,30.8,0.94,92.1,2.64,4580.0,On Time
ORD1135,Carrier C,North,399.0,93.7,0.05,105.5,4.1,5716.0,On Time
ORD1136,Carrier A,East,240.4,28.6,1.37,109.7,4.04,2608.0,On Time
ORD1137,Carrier D,East,404.7,90.9,0.21,108.9,3.39,3881.0,On Time
ORD1138,Carrier B,South,132.0,30.9,0.23,87.3,1.85,2192.0,On Time
ORD1139,Carrier C,East,282.8,46.8,0.09,102.4,2.26,4417.0,On Time
ORD1140,Carrier A,West,446.8,52.6,0.6,108.1,4.12,4864.0,On Time
ORD1141,Carrier B,West,485.9,28.6,0.36,86.7,3.8,2377.0,On Time
ORD1142,Carrier B,West,495.1,47.1,1.84,99.9,5.34,5466.0,On Time
ORD1143,Carrier D,East,182.3,20.1,1.14,102.2,3.13,914.0,On Time
ORD1144,Carrier C,South,573.8,43.4,0.4,97.6,4.69,5539.0,On Time
ORD1145,Carrier B,West,276.0,50.2,0.33,85.2,2.97,2113.0,On Time
ORD1146,Carrier A,South,533.9,12.3,0.65,97.4,4.58,3507.0,On Time
ORD1147,Carrier B,East,418.1,30.7,0.26,97.4,3.97,3601.0,On Time
ORD1148,Carrier B,South,172.3,61.8,0.05,98.8,1.73,2647.0,On Time
ORD1149,Carrier B,South,363.1,26.7,0.67,95.5,1.84,2914.0,On Time
ORD1150,Carrier A,North,485.8,67.4,0.26,96.5,4.88,5507.0,On Time
ORD1151,Carrier D,West,530.3,71.0,1.18,99.7,4.79,5108.0,On Time
ORD1152,Carrier D,North,394.6,61.6,0.95,103.5,2.58,5353.0,On Time
ORD1153,Carrier A,North,695.7,79.7,0.23,97.6,4.02,6950.0,On Time
ORD1154,Carrier C,West,601.4,19.4,1.79,96.7,5.71,4462.0,Late
ORD1155,Carrier A,East,373.8,88.9,0.74,100.7,3.52,3977.0,On Time
ORD1156,Carrier C,South,555.0,28.8,2.71,84.6,5.29,3056.0,On Time
ORD1157,Carrier B,East,768.1,56.0,1.34,103.8,6.63,7303.0,Late
ORD1158,Carrier C,South,772.9,116.82500000000002,2.09,100.0,5.65,7801.0,Late
ORD1159,Carrier C,North,199.0,42.9,2.79,100.3,3.88,900.0,On Time
ORD1160,Carrier C,East,253.2,53.3,0.46,107.7,3.08,3089.0,On Time
ORD1161,Carrier A,North,687.3,28.9,0.99,84.4,5.19,4612.0,On Time
ORD1162,Carrier D,East,229.5,116.82500000000002,0.16,84.2,3.26,5073.0,On Time
ORD1163,Carrier A,West,181.9,30.7,0.25,102.2,3.09,1044.0,On Time
ORD1164,Carrier A,West,332.5,74.4,0.21,99.9,3.27,2939.0,On Time
ORD1165,Carrier C,South,495.6,99.9,0.56,101.4,4.48,6710.0,On Time
ORD1166,Carrier B,West,401.6,78.2,1.12,96.3,3.89,5736.0,On Time
ORD1167,Carrier D,East,302.9,63.7,0.76,105.3,3.43,3342.0,On Time
ORD1168,Carrier D,South,298.6,55.5,0.03,107.5,2.87,3353.0,On Time
ORD1169,Carrier B,North,291.8,24.4,0.22,103.9,2.94,3743.0,On Time
ORD1170,Carrier D,South,261.7,116.82500000000002,1.12,97.9,4.3,2413.0,On Time
ORD1171,Carrier B,East,830.7,60.9,0.91,83.1,5.93,5266.0,Late
ORD1172,Carrier B,West,473.6,53.4,0.29,106.2,3.68,4798.0,On Time
ORD1173,Carrier A,North,579.6,52.55,0.33,109.8,3.38,6808.0,On Time
ORD1174,Carrier D,East,332.0,54.8,1.36,105.2,3.96,3662.0,On Time
ORD1175,Carrier A,West,386.5,51.5,0.66,93.0,3.56,4020.0,On Time
ORD1176,Carrier A,West,291.6,116.82500000000002,0.82,105.4,3.77,5886.0,On Time
ORD1177,Carrier B,South,50.0,53.3,0.51,106.9,3.83,3885.0,On Time
ORD1178,Carrier D,North,172.0,54.3,1.23,112.5,2.8,2670.0,On Time
ORD1179,Carrier D,South,94.1,27.7,2.01,93.0,3.69,1493.0,On Time
ORD1180,Carrier C,West,50.0,34.2,2.79,98.2,4.79,3033.0,On Time
ORD1181,Carrier D,West,204.8,69.6,1.01,106.0,3.29,2113.0,On Time
ORD1182,Carrier D,East,658.5,17.3,0.47,100.5,6.11,6427.0,Late
ORD1183,Carrier B,North,412.0,88.6,0.14,91.1,3.15,3775.0,On Time
ORD1184,Carrier B,North,652.3,89.9,0.03,103.3,4.52,6857.0,On Time
ORD1185,Carrier C,South,494.0,32.2,2.78,104.6,4.91,4578.0,On Time
ORD1186,Carrier C,East,560.9,52.55,1.22,100.7,4.45,4809.0,On Time
ORD1187,Carrier B,North,257.8,101.7,0.45,101.8,3.31,3309.0,On Time
ORD1188,Carrier A,East,514.3,49.2,0.86,97.9,4.85,5199.0,On Time
ORD1189,Carrier C,East,551.2,44.2,1.7,111.8,5.2,6475.0,On Time
ORD1190,Carrier A,North,316.2,47.3,2.79,92.8,6.37,3258.0,Late
ORD1191,Carrier D,North,520.7,60.8,0.2,95.3,3.72,5163.0,On Time
ORD1192,Carrier A,South,521.9,36.8,0.82,100.1,3.91,5381.0,On Time
ORD1193,Carrier A,East,321.1,42.1,1.43,107.0,5.9,2990.0,Late
ORD1194,Carrier D,West,217.9,61.5,2.79,88.0,5.91,3368.0,Late
ORD1195,Carrier A,South,206.9,40.2,1.28,89.5,2.77,3070.0,On Time
ORD1196,Carrier A,South,435.6,26.3,0.88,83.7,3.32,5763.0,On Time
ORD1197,Carrier C,West,478.9,16.4,1.04,100.3,3.38,3956.0,On Time
ORD1198,Carrier D,South,277.3,53.9,0.32,91.1,3.62,2753.0,On Time
ORD1199,Carrier A,South,424.8,98.3,1.03,96.9,3.91,5742.0,On Time
ORD1200,Carrier B,South,522.7,65.6,1.78,105.3,5.09,6240.0,On Time
ORD1201,Carrier C,North,531.3,26.9,0.28,94.9,3.71,4166.0,On Time
ORD1202,Carrier D,South,699.3,34.1,2.42,101.9,6.58,5815.0,Late
ORD1203,Carrier B,East,649.9,44.0,0.1,97.6,3.51,6279.0,On Time
ORD1204,Carrier A,West,239.8,52.55,0.44,105.4,2.34,3891.0,On Time
ORD1205,Carrier A,East,723.0,116.82500000000002,0.16,103.8,4.98,7633.0,On Time
ORD1206,Carrier A,West,324.4,116.82500000000002,0.08,94.5,3.64,4808.0,On Time
ORD1207,Carrier A,East,608.1,57.0,2.79,98.7,6.69,6620.0,Late
ORD1208,Carrier C,North,432.2,116.82500000000002,0.29,108.3,3.52,6975.0,On Time
ORD1209,Carrier A,South,345.8,35.1,0.65,103.1,3.86,2175.0,On Time
ORD1210,Carrier B,West,94.6,43.1,0.88,88.8,2.03,900.0,On Time
ORD1211,Carrier C,North,389.1,85.0,0.13,105.2,2.93,3845.0,On Time
ORD1212,Carrier C,West,139.3,61.7,0.31,91.3,1.7,1192.0,On Time
ORD1213,Carrier A,East,594.1,63.6,0.29,111.3,5.12,6090.0,On Time
ORD1214,Carrier D,South,693.0,29.5,0.34,108.2,4.91,4580.0,On Time
ORD1215,Carrier C,West,276.6,51.3,0.59,102.3,3.56,2890.0,On Time
ORD1216,Carrier C,West,474.4,35.4,0.37,101.3,4.57,3925.0,On Time
ORD1217,Carrier A,North,289.4,23.4,1.52,98.3,5.85,2616.0,Late
ORD1218,Carrier A,North,306.9,37.8,0.65,105.4,1.93,4716.0,On Time
ORD1219,Carrier D,East,559.4,61.7,0.47,97.0,3.59,6011.0,On Time
ORD1220,Carrier B,West,413.1,77.6,0.23,101.9,3.0,4864.0,On Time
ORD1221,Carrier B,North,733.1,16.1,1.29,107.0,4.61,5892.0,On Time
ORD1222,Carrier B,East,333.2,52.6,0.44,95.5,2.41,3298.0,On Time
ORD1223,Carrier C,North,599.9,50.0,0.44,95.1,4.0,5756.0,On Time
ORD1224,Carrier D,East,437.5,59.9,2.79,90.4,4.65,4831.0,On Time
ORD1225,Carrier B,East,563.2,27.2,0.05,91.5,3.96,3959.0,On Time
ORD1226,Carrier D,North,339.5,27.5,0.47,85.4,3.2,2987.0,On Time
ORD1227,Carrier A,East,411.1,99.7,0.83,105.8,4.35,3599.0,On Time
ORD1228,Carrier C,West,399.2,32.4,1.24,114.5,4.37,4650.0,On Time
ORD1229,Carrier C,West,269.5,42.0,1.19,111.4,3.94,4255.0,On Time
ORD1230,Carrier A,North,539.2,44.4,0.29,87.0,3.58,4442.0,On Time
ORD1231,Carrier A,North,537.0,35.7,0.01,105.8,5.2,6727.0,On Time
ORD1232,Carrier B,North,526.8,68.5,0.99,111.4,4.61,5084.0,On Time
ORD1233,Carrier D,South,696.7,52.55,0.8,96.3,3.53,6629.0,On Time
ORD1234,Carrier C,North,680.9,48.8,0.08,100.8,3.51,6195.0,On Time
ORD1235,Carrier D,West,352.5,36.9,0.64,83.9,2.07,3059.0,On Time
ORD1236,Carrier D,West,487.1,46.7,0.18,102.1,3.6,4783.0,On Time
ORD1237,Carrier B,West,307.8,55.1,0.11,91.5,2.79,3480.0,On Time
ORD1238,Carrier C,North,424.2,34.1,0.77,101.6,3.39,4942.0,On Time
ORD1239,Carrier A,North,312.0,71.3,1.01,87.5,5.14,4708.0,On Time
ORD1240,Carrier A,West,711.6,88.3,0.87,104.3,5.54,7193.0,Late
ORD1241,Carrier D,South,485.5,108.8,0.33,108.2,4.48,6769.0,On Time
ORD1242,Carrier C,East,380.8,105.3,0.83,93.7,3.19,4183.0,On Time
ORD1243,Carrier A,West,634.9,44.2,0.55,90.9,3.68,6134.0,On Time
ORD1244,Carrier B,North,50.0,56.6,0.65,82.8,2.33,900.0,On Time
ORD1245,Carrier C,North,57.5,48.3,1.15,97.9,2.8,2679.0,On Time
ORD1246,Carrier D,North,563.3,48.2,0.67,95.3,2.97,7079.0,On Time
ORD1247,Carrier C,North,430.9,46.5,0.9,87.6,3.78,3873.0,On Time
ORD1248,Carrier B,North,465.1,53.2,1.48,103.6,4.51,3019.0,On Time
ORD1249,Carrier B,West,181.2,96.0,0.42,96.4,2.62,2863.0,On Time
ORD1250,Carrier B,East,415.8,62.7,0.67,91.4,3.13,5310.0,On Time
ORD1251,Carrier C,West,780.6,26.5,0.93,95.6,4.8,6854.0,On Time
ORD1252,Carrier D,West,568.4,86.3,1.6,108.6,4.99,6522.0,On Time
ORD1253,Carrier B,West,450.5,59.5,0.27,104.8,3.63,5781.0,On Time
ORD1254,Carrier A,North,341.0,68.9,1.32,99.0,4.42,4516.0,On Time
ORD1255,Carrier A,South,349.0,62.0,0.29,105.0,4.01,5295.0,On Time
ORD1256,Carrier C,West,50.0,63.6,0.36,90.7,1.89,2474.0,On Time
ORD1257,Carrier D,North,466.4,65.2,0.5,100.3,3.48,6262.0,On Time
ORD1258,Carrier A,North,572.2,18.1,0.67,101.2,4.07,5292.0,On Time
ORD1259,Carrier A,East,136.4,68.4,1.94,96.2,4.1,3336.0,On Time
ORD1260,Carrier C,West,300.9,35.0,1.78,103.5,3.7,3178.0,On Time
ORD1261,Carrier A,West,211.7,40.1,2.76,93.8,5.03,2045.0,On Time
ORD1262,Carrier D,West,246.2,52.9,0.81,104.1,3.89,4814.0,On Time
ORD1263,Carrier B,North,429.6,116.82500000000002,1.02,104.4,5.24,5881.0,On Time
ORD1264,Carrier A,West,50.0,29.2,0.32,76.7,3.28,1336.0,On Time
ORD1265,Carrier D,West,530.6,52.0,0.03,109.5,3.01,5634.0,On Time
ORD1266,Carrier A,East,555.7,45.9,1.2,76.01249999999999,4.62,3922.0,On Time
ORD1267,Carrier B,West,374.8,85.6,0.2,95.1,3.33,4481.0,On Time
ORD1268,Carrier A,West,50.0,52.55,0.26,108.2,1.89,3231.0,On Time
ORD1269,Carrier A,South,240.6,59.9,2.79,97.5,5.43,3677.0,On Time
ORD1270,Carrier A,North,641.9,29.2,0.15,88.3,2.98,3746.0,On Time
ORD1271,Carrier A,South,50.0,93.3,0.67,91.3,2.08,2005.0,On Time
ORD1272,Carrier A,North,357.4,22.2,0.07,108.2,2.34,5309.0,On Time
ORD1273,Carrier A,North,207.6,67.9,0.96,84.6,3.24,2469.0,On Time
ORD1274,Carrier C,North,564.8,60.1,0.4,109.0,3.51,4350.0,On Time
ORD1275,Carrier C,East,298.5,64.9,0.36,99.6,2.24,5373.0,On Time
ORD1276,Carrier B,East,492.7,22.4,0.72,90.5,4.1,4705.0,On Time
ORD1277,Carrier B,East,521.8,44.6,0.1,95.3,3.77,4792.0,On Time
ORD1278,Carrier B,East,750.5,83.4,0.13,91.9,5.14,6639.0,On Time
ORD1279,Carrier D,East,383.5,52.55,2.24,106.9,6.68,6534.0,Late
ORD1280,Carrier D,East,487.7,49.8,1.91,105.9,5.11,4607.0,On Time
ORD1281,Carrier A,North,152.7,79.3,0.75,86.2,3.22,3481.0,On Time
ORD1282,Carrier A,West,634.3,56.9,2.21,96.8,4.91,6349.0,On Time
ORD1283,Carrier A,South,283.1,51.3,0.07,93.1,1.77,3419.0,On Time
ORD1284,Carrier A,North,319.1,41.8,0.73,110.3,4.52,4037.0,On Time
ORD1285,Carrier C,West,416.0,53.1,1.03,89.2,3.28,3885.0,On Time
ORD1286,Carrier B,East,138.7,75.5,1.67,112.8,2.69,4166.0,On Time
ORD1287,Carrier A,North,461.2,78.8,0.77,99.7,4.03,4393.0,On Time
ORD1288,Carrier B,North,594.1,25.1,0.76,90.7,4.28,3506.0,On Time
ORD1289,Carrier B,North,472.7,39.7,0.31,94.6,2.93,4927.0,On Time
ORD1290,Carrier A,South,134.0,28.4,0.99,93.6,2.54,2355.0,On Time
ORD1291,Carrier D,North,397.7,54.5,0.12,89.8,4.15,4357.0,On Time
ORD1292,Carrier A,East,553.6,43.8,1.76,100.8,4.41,5601.0,On Time
ORD1293,Carrier D,East,82.0,63.7,0.61,90.2,1.37,1628.0,On Time
ORD1294,Carrier A,West,226.5,66.1,0.1,82.6,3.31,3353.0,On Time
ORD1295,Carrier D,East,577.8,13.2,0.32,97.0,4.28,4762.0,On Time
ORD1296,Carrier D,East,468.6,52.9,0.56,85.6,3.36,3859.0,On Time
ORD1297,Carrier D,East,494.2,97.1,2.79,94.0,4.86,4580.0,On Time
ORD1298,Carrier D,North,754.7,39.7,1.01,92.7,4.65,8030.0,On Time
ORD1299,Carrier C,North,504.3,39.1,1.41,93.0,4.51,3086.0,On Time
ORD1300,Carrier C,East,538.4,88.2,2.79,116.0,6.885,6815.0,Late
